Name,Price,PreviousPrice,Offer,Retailer,DateScraped
Heineken 20 X 330Ml Bottle,18.00,,,Tesco - IRL,20210316
Guinness Draught Can 8X500ml,10.00,,,Tesco - IRL,20210316
Budweiser 20X300ml Bottle,15.00,,,Tesco - IRL,20210316
Coors Light 20 Pack Bottles 20X33cl,18.00,,,Tesco - IRL,20210316
Carlsberg 20 X 300Ml Bottle,15.00,,,Tesco - IRL,20210316
Budweiser Can 8 X 500Ml,12.00,,,Tesco - IRL,20210316
Heineken 8X50cl Can,13.77,,,Tesco - IRL,20210316
Coors Light 8 Pack Can 8X50cl,14.00,,,Tesco - IRL,20210316
Bulmers 20 Pack X 300Ml Bottle,18.00,,,Tesco - IRL,20210316
Bulmers Original Cider 500Ml Can,1.50,,,Tesco - IRL,20210316
Carlsberg Can 8X500ml,10.00,,,Tesco - IRL,20210316
Bulmers Original 12X50cl Can,19.00,,,Tesco - IRL,20210316
Erdinger Alcoholfrei 6X330ml,7.00,,,Tesco - IRL,20210316
Heineken Bottles 6 X 330Ml,10.00,10.82,SAVE 82c Was  10.82 Now  10.00,Tesco - IRL,20210316
Erdinger Weissbier 500Ml,2.99,,,Tesco - IRL,20210316
Peroni Nastro Azzurro 12X330ml,15.00,,,Tesco - IRL,20210316
Bulmers Light 50Cl Can,2.39,,,Tesco - IRL,20210316
Budweiser Budvar 500Ml,2.50,,,Tesco - IRL,20210316
Budweiser Can 500Ml,1.00,1.96,SAVE 96c Was  1.96 Now  1.00,Tesco - IRL,20210316
Guinness Extra Stout Can 500Ml,2.49,,,Tesco - IRL,20210316
Bulmers Light 20X30cl Bottle,18.00,,,Tesco - IRL,20210316
Corona Light 6 Pack 355Ml,12.20,,,Tesco - IRL,20210316
Coors Light 6 Pack Bottles 6X33cl,11.00,,,Tesco - IRL,20210316
Corona Light 12 Pack 355Ml,17.00,,,Tesco - IRL,20210316
Bulmers Original 6X33cl Longneck,10.00,11.76,SAVE 1.76 Was  11.76 Now  10.00,Tesco - IRL,20210316
Druids Celtic Cider 4X50cl Can,6.00,,,Tesco - IRL,20210316
Oharas Ipa 500Ml,2.99,,,Tesco - IRL,20210316
Fullers London Pride 500Ml,2.50,,,Tesco - IRL,20210316
Bulmers Original 8X50cl Can,13.77,,,Tesco - IRL,20210316
Kopparberg Strawberry &Lime Can 500Ml,3.00,,,Tesco - IRL,20210316
Peroni Nastro Azzurro 4X330ml,7.50,,,Tesco - IRL,20210316
Old Speckled Hen 500Ml,2.29,,,Tesco - IRL,20210316
St Austell Proper Job Ale 500Ml,2.50,,,Tesco - IRL,20210316
Karpackie Premium Beer 4 X 500Ml,6.00,,,Tesco - IRL,20210316
Bulmers Original 1 Litre Bottle,5.00,,,Tesco - IRL,20210316
Paulaner Hefe-Weissbier 500Ml,2.85,,,Tesco - IRL,20210316
Hobgoblin Ruby 500Ml,2.09,,,Tesco - IRL,20210316
Ritz Can 500Ml,2.69,,,Tesco - IRL,20210316
Birra Moretti 4X330ml Bottle,7.99,,,Tesco - IRL,20210316
Druids Celtic Cider 8X50cl Can,12.00,,,Tesco - IRL,20210316
Tiger Beer 12X330ml,15.00,,,Tesco - IRL,20210316
Tyskie Polish Lager 4X500ml,6.49,,,Tesco - IRL,20210316
Carlsberg Can 24X500ml,26.00,,,Tesco - IRL,20210316
Tiger 4X330ml,7.99,,,Tesco - IRL,20210316
Budweiser Can 24X500ml,26.00,,,Tesco - IRL,20210316
St Austell Tribute 500Ml,2.50,,,Tesco - IRL,20210316
Tiger 500Ml,2.50,,,Tesco - IRL,20210316
Tyskie Polish Bottle 500Ml,1.65,,,Tesco - IRL,20210316
Kopparberg Mixed Fruit Alcohol Free 500Ml,1.75,,,Tesco - IRL,20210316
Guinness Extra Stout 6X330ml,9.90,,,Tesco - IRL,20210316
O'haras Traditional Irish Red Ale Bottle 500Ml,2.99,,,Tesco - IRL,20210316
Desperados 3X330ml,6.00,,,Tesco - IRL,20210316
Krombacher Pilsner 500Ml,3.09,,,Tesco - IRL,20210316
Smithwicks Pale Ale 500Ml,3.29,,,Tesco - IRL,20210316
Heineken Cans 24X500ml,28.00,,,Tesco - IRL,20210316
Kopparberg Strawberry And Lime Cider 500Ml Bottle,3.00,,,Tesco - IRL,20210316
Linden Village 4X50clcan,6.00,,,Tesco - IRL,20210316
Sol. Mexican 6X330ml,9.99,,,Tesco - IRL,20210316
Kopparberg Mixed Fruit Cider 12X330ml Can,18.00,,,Tesco - IRL,20210316
Beamish Draught 500Ml4pack,7.95,,,Tesco - IRL,20210316
Oharas Leann Follain Irish Stout 500Ml,2.99,,,Tesco - IRL,20210316
Kopparberg Mixed Fruitcider 500Ml Can,3.00,,,Tesco - IRL,20210316
Coors Light 24 Pack Cans 24X500ml,28.00,,,Tesco - IRL,20210316
Linden Village 2Litre Bottle,6.40,,,Tesco - IRL,20210316
Murphy's Draught Irish Stout 6X500ml,14.99,,,Tesco - IRL,20210316
Sierra Nevada Pale Ale 350Ml,2.50,,,Tesco - IRL,20210316
Daura Damm Gluten Free 4 Pack X 330Ml,9.00,,,Tesco - IRL,20210316
Erdinger Dunkel Weissbeir 500Ml Can,2.79,,,Tesco - IRL,20210316
Old Mout Kiwi And Lime Cider 500Ml Bottle,3.09,,,Tesco - IRL,20210316
Manislav Czech Style Lager 500Ml Bottle,1.49,,,Tesco - IRL,20210316
Guinness Draught Can 12X500ml,18.69,,,Tesco - IRL,20210316
Heineken 0.0 Alcohol Free Beer 330Ml Can,1.13,,,Tesco - IRL,20210316
Rockshore Light Irish Lager 8X500ml,10.00,,,Tesco - IRL,20210316
Orchard Thieves Light 8 X500ml Can Pack,14.00,,,Tesco - IRL,20210316
Brew Dog Elvis Juice Grapefruit Ipa 4X330ml,12.00,,,Tesco - IRL,20210316
Prazsky 4 Pack 500 Ml,5.00,,,Tesco - IRL,20210316
Heineken 4 X 500Ml Can Grab Pack,7.49,,,Tesco - IRL,20210316
Peroni Nastro Azzurro 18X330ml,25.00,29.50,SAVE 4.50 Was  29.50 Now  25.00,Tesco - IRL,20210316
Brewdog Dead Pony Club Ale 4 X 330Ml,10.00,,,Tesco - IRL,20210316
Smithwicks Bottle 500Ml,3.29,,,Tesco - IRL,20210316
Mcgargles Cousin Rosies 500Ml,2.50,,,Tesco - IRL,20210316
Mcgargles Daraghs Session Ipa500ml,2.50,,,Tesco - IRL,20210316
Rosies Dew 500Ml,1.29,,,Tesco - IRL,20210316
Orchard Thieves 660Ml Bottle,3.49,,,Tesco - IRL,20210316
O Brother The Sinner Ipa 440Ml,3.50,,,Tesco - IRL,20210316
Kopparberg Strawberry And Lime Cider 4X330ml Bottle,9.00,,,Tesco - IRL,20210316
Mude Work With A Hint Of Apple 4X330ml,6.00,,,Tesco - IRL,20210316
Desperados Can 4 X 500 Ml,9.00,,,Tesco - IRL,20210316
Mude Immunoboost Sleep Hint Of Elderflower 4X330ml,6.00,,,Tesco - IRL,20210316
Hop House 13 Lager 20X330ml,18.00,,,Tesco - IRL,20210316
Guinness Foreign Extra Stout 330Ml,2.65,,,Tesco - IRL,20210316
Trouble Brewing Sabotage Ipa 500Ml,2.50,,,Tesco - IRL,20210316
Boyne Brewhouse Pale Ale 500Ml Bottle,2.50,,,Tesco - IRL,20210316
O'hara's White Haze Ipa 500Ml,3.25,,,Tesco - IRL,20210316
Old Mout Pomegranate And Strawberry Cider 500Ml Bottle,3.09,,,Tesco - IRL,20210316
Rockshore Lager 6 Pack 330Ml Bottle,11.00,,,Tesco - IRL,20210316
Heineken 0.0 Alcohol Free Beer 12X330ml,17.00,,,Tesco - IRL,20210316
Appleman's Cider 500Ml Can,2.49,,,Tesco - IRL,20210316
Birra Moretti Lager Beer 12 X 330Ml,15.00,,,Tesco - IRL,20210316
Carlsberg Can 12X500ml,18.00,,,Tesco - IRL,20210316
Brewdog Clockwork Tangerine 4X330ml Cans,10.00,,,Tesco - IRL,20210316
Becks Blue Alcohol Free Lager 6X275ml,6.00,,,Tesco - IRL,20210316
Boyne Brewhouse Oatmeal Stout 500Ml Bottle,3.49,,,Tesco - IRL,20210316
Bavaria Non Alcoholic Beer Single 50Cl,1.29,,,Tesco - IRL,20210316
Heineken Light 6 Basket 33Cl Bottle,10.00,,,Tesco - IRL,20210316
Franciscan Well Rebel Red 4X330ml Can,10.00,,,Tesco - IRL,20210316
Karpackie 8 Pack 500 Ml,11.00,,,Tesco - IRL,20210316
Rockshore Light 6X330ml Bottle,11.00,,,Tesco - IRL,20210316
Rockshore Irish Lager 20 Pack X 330Ml Bottle,18.00,,,Tesco - IRL,20210316
Estrella Damm Beer 660Ml,3.00,,,Tesco - IRL,20210316
Carlsberg 0% Alcohol Low Calorie Beer 6X330ml,6.00,,,Tesco - IRL,20210316
Sierra Nevada Pale Ale Draught Style 4 Pack 355Ml,9.84,,,Tesco - IRL,20210316
Vocation Brewery Life&Death Ipa 4X330ml Can,10.00,,,Tesco - IRL,20210316
Oharas Opsesssion Ipa Ipa 500Ml,2.99,,,Tesco - IRL,20210316
Mcgargles Francis Big Bangin Ipa 500Ml,3.00,,,Tesco - IRL,20210316
Brewdog Pale Ale 4 X 330Ml,7.99,,,Tesco - IRL,20210316
Rockshore Light Irish Lager 4X500ml,8.00,,,Tesco - IRL,20210316
Stiegl Freibier 500 Ml,2.29,,,Tesco - IRL,20210316
Lomza Export 4 Pack 500Ml Can,7.00,,,Tesco - IRL,20210316
Appleman's Cider 8 X 500Ml Can,13.00,,,Tesco - IRL,20210316
Olde English Cider 2 Litre Bottle,4.19,,,Tesco - IRL,20210316
Heineken 0.0 Alcohol Free Beer 4X330ml,5.99,,,Tesco - IRL,20210316
Samuel Adams Boston American Craft Beer 500Ml,3.19,,,Tesco - IRL,20210316
Tesco Lager 4X440ml,2.64,,,Tesco - IRL,20210316
Rockshore Cider 8X500ml,13.00,,,Tesco - IRL,20210316
Franciscan Well Pilgrims Ale 4X330ml Can,10.00,,,Tesco - IRL,20210316
O Brother The Dream Catcher Session Ipa440ml,3.50,,,Tesco - IRL,20210316
Solas Session Ipa 4.5% 500Ml,1.99,,,Tesco - IRL,20210316
Boyne Brewhouse Ipa 500Ml Bottle,3.49,,,Tesco - IRL,20210316
Praga Premium Czech Lager 500Ml,1.55,,,Tesco - IRL,20210316
Trouble Brewing Ambush Pale Ale 440Ml,3.00,,,Tesco - IRL,20210316
Budweiser Can 12X500ml,18.00,,,Tesco - IRL,20210316
Rekorderlig Strawberry And Lime Cider 4X330ml Can,10.00,,,Tesco - IRL,20210316
Peroni Nastro Azzurro 660Ml,2.50,,,Tesco - IRL,20210316
Kopparberg Mixed Fruit Cider 4X330ml Bottle,9.00,,,Tesco - IRL,20210316
Foxes Rock Indian Pale Lager 500Ml,2.69,,,Tesco - IRL,20210316
Bulmers Strawberry And Lime Can 500Ml,2.75,,,Tesco - IRL,20210316
Foxes Rock Gluten Free Lager 500Ml,2.69,,,Tesco - IRL,20210316
Kopparberg Passion Fruit 500Ml,3.09,,,Tesco - IRL,20210316
Staropramen 660Ml,3.50,,,Tesco - IRL,20210316
Foxes Rock Red Ale 500Ml,2.69,,,Tesco - IRL,20210316
Budweiser Budvar 12X330ml,15.00,,,Tesco - IRL,20210316
Mcgargles Ned's Ipa 500Ml,3.00,,,Tesco - IRL,20210316
O Brother The Chancer Pale Ale 440Ml,3.50,,,Tesco - IRL,20210316
Weihenstephaner Original Helles 500Ml,2.99,,,Tesco - IRL,20210316
So.Beer Grapefruit Non Alcoholic Vegan Lager 4X330ml,5.25,,SAVE 25%,Tesco - IRL,20210316
Carlsberg Alcohol Free 4X330ml,4.99,,,Tesco - IRL,20210316
Heineken 0.0 Alcohol Free Lager 6X330ml,5.99,,,Tesco - IRL,20210316
Mcgargles Fancy Franks Lager 500Ml,2.50,,,Tesco - IRL,20210316
So.Beer Light Non Alcoholic Vegan Lager 4X330ml,5.25,,SAVE 25%,Tesco - IRL,20210316
Desperados 6 X 330Ml Bottle,10.00,,,Tesco - IRL,20210316
Anchor Steam Beer 355Ml,2.99,,,Tesco - IRL,20210316
Erdinger Hefe Weissbier 500Ml Can,2.79,,,Tesco - IRL,20210316
Lomza Export Bottles 500Ml,1.75,,,Tesco - IRL,20210316
Founders All Day Session Ipa 355Ml,2.50,,,Tesco - IRL,20210316
Molson Canadian Premium Lager 20X330ml Bottle,15.00,,,Tesco - IRL,20210316
Sierra Nevada Tropical Torpedo Ipa 355Ml,2.50,,,Tesco - IRL,20210316
Kopparberg Mixed Fruit Cider 500Ml Bottle,3.00,,,Tesco - IRL,20210316
Orchard Thieves 8 X 500Ml Can,13.00,13.77,SAVE 77c Was  13.77 Now  13.00,Tesco - IRL,20210316
Oharas Freebird White Ipa 500Ml,2.99,,,Tesco - IRL,20210316
Solas Belgian Witbier 5.2% 500Ml,1.99,,,Tesco - IRL,20210316
Corona Extra 12X330ml,15.00,,,Tesco - IRL,20210316
Guinness Draught Cold & Smooth 4 X 500Ml Price Marked,7.50,,,Tesco - IRL,20210316
Heineken Light 4 Pack 50Cl Can,8.00,,,Tesco - IRL,20210316
Asahi Super Dry 12 X 330Ml,21.00,,,Tesco - IRL,20210316
Brewdog Hazy Jane New England Ipa 4X330ml Can,11.00,,,Tesco - IRL,20210316
Veltins Pilsener 500Ml,2.99,,,Tesco - IRL,20210316
Falling Apple Rasp/Elderf Fruit Cider500ml,3.29,,,Tesco - IRL,20210316
Bulmers Light 8 Pk. 500Ml Can,14.00,,,Tesco - IRL,20210316
Ogb Pure Brew Non-Alcoholic 4X330ml Bottle,6.00,,,Tesco - IRL,20210316
Crabbies Alcoholic Ginger Beer 500Ml,2.50,,,Tesco - IRL,20210316
Oharas Hop Adventure Series 500Ml,2.99,,,Tesco - IRL,20210316
Mcgargles Extra Stout 500Ml,2.50,,,Tesco - IRL,20210316
Orchard Thieves 12 X 330Ml Bottle,17.00,,,Tesco - IRL,20210316
Molson Canadian Premium Lager 500Ml Can,1.00,1.92,SAVE 92c Was  1.92 Now  1.00,Tesco - IRL,20210316
Stella Artois Cidre Apple 500Ml,2.69,,,Tesco - IRL,20210316
Smithwicks Blonde 500Ml,3.29,,,Tesco - IRL,20210316
Smithwick's Red Ale 8 X 500Ml Can,14.50,,,Tesco - IRL,20210316
Falling Apple Irish Cider 500Ml,3.29,,,Tesco - IRL,20210316
Oharas 51St State Ipa Bottle 500Ml,2.99,,,Tesco - IRL,20210316
Zywiec4 Pack Cans 50Cl,8.99,,,Tesco - IRL,20210316
Birra Moretti 660Ml,3.49,,,Tesco - IRL,20210316
Mude Chill With A Hint Of Mixed Berries 4X330ml,6.00,,,Tesco - IRL,20210316
Trouble Brewing Graffiti Session Ipa500ml,2.50,,,Tesco - IRL,20210316
Orchard Thieves 500Ml Can,2.50,,,Tesco - IRL,20210316
Foxes Rock American Style Ipa 500Ml,2.69,,,Tesco - IRL,20210316
Molson Canadian Premium Lager 8X500ml Can,12.00,,,Tesco - IRL,20210316
Kopparberg Strawberry And Lime Alcohol Free 500Ml,1.75,,,Tesco - IRL,20210316
Rockshore Irish Lager 8 X 500Ml Can,10.00,,,Tesco - IRL,20210316
Mcgargles Dans Double Ipa 500Ml,3.00,,,Tesco - IRL,20210316
Duvel 330Ml Bottle,3.39,,,Tesco - IRL,20210316
Foxes Rock Session Ipa 500Ml,2.69,,,Tesco - IRL,20210316
Franciscan Well Chieftain Ipa 4X330ml Can,10.00,,,Tesco - IRL,20210316
Hop House 13 8 Pack X 500Ml,14.00,,,Tesco - IRL,20210316
Carling Lager 4X440ml,4.49,,,Tesco - IRL,20210316
Hop House 13 Lager 650Ml,2.50,,,Tesco - IRL,20210316
Boyne Brewhouse Amber Ale 500Ml Bottle,2.50,,,Tesco - IRL,20210316
Smirnoff Red Label Vodka 1 Litre,27.00,,,Tesco - IRL,20210316
Captain Morgan Original Spiced Gold 70Cl,20.00,,,Tesco - IRL,20210316
Absolut Swedish Vodka 70Cl,20.00,,,Tesco - IRL,20210316
Bacardi Carta Blanca Rum 70Cl,23.00,,,Tesco - IRL,20210316
Gordons Gin 1 Litre,27.00,,,Tesco - IRL,20210316
West Coast Cooler Rose 750Ml,4.00,5.90,SAVE 1.90 Was  5.90 Now  4.00,Tesco - IRL,20210316
Huzzar Vodka 70Cl,19.00,,,Tesco - IRL,20210316
Jameson Irish Whiskey 1L,38.00,42.19,SAVE 4.19 Was  42.19 Now  38.00,Tesco - IRL,20210316
Baileys Original Irish Cream Liqueur 1L,28.00,,,Tesco - IRL,20210316
Bacardi Carta Blanca Rum 1 Litre,30.00,,,Tesco - IRL,20210316
Absolut Swedish Vodka 1L,37.00,,,Tesco - IRL,20210316
Jameson Irish Whiskey 70Cl,27.00,,,Tesco - IRL,20210316
Smirnoff Red Label Vodka 70Cl,20.00,,,Tesco - IRL,20210316
Captain Morgan Original Spiced Gold 1 Litre,27.00,,,Tesco - IRL,20210316
Jack Daniel's Tennessee Whiskey 70Cl,28.00,33.45,SAVE 5.45 Was  33.45 Now  28.00,Tesco - IRL,20210316
Baileys Original Irish Cream Liqueur 70Cl,17.00,,,Tesco - IRL,20210316
Hennessy VS Cognac,35.41,,,Tesco - IRL,20210316
Tesco Imperial Vodka 1L,23.99,,,Tesco - IRL,20210316
West Coast Cooler 750Ml,4.00,5.90,SAVE 1.90 Was  5.90 Now  4.00,Tesco - IRL,20210316
Tia Maria Coffee Liqueur 70Cl,20.00,23.11,SAVE 3.11 Was  23.11 Now  20.00,Tesco - IRL,20210316
Tesco Ruby Port 75Cl,8.49,,,Tesco - IRL,20210316
Paddy Irish Whiskey 70Cl,23.00,26.56,SAVE 3.56 Was  26.56 Now  23.00,Tesco - IRL,20210316
Tesco Napoleon Brandy 70Cl,15.99,,,Tesco - IRL,20210316
Beefeater Dry London Gin 70Cl,20.00,,,Tesco - IRL,20210316
Hennessy Cognac 1 Litre,50.00,,,Tesco - IRL,20210316
Tesco Irish Country Cream 70Cl,7.49,,,Tesco - IRL,20210316
Bombay Sapphire Gin 70Cl,25.00,29.50,SAVE 4.50 Was  29.50 Now  25.00,Tesco - IRL,20210316
Bushmill Original 70Cl Irish Whiskey,22.63,,,Tesco - IRL,20210316
Gordons Gin 70Cl,20.00,,,Tesco - IRL,20210316
Smirnoff Ice 4X275ml Bottles,9.99,,,Tesco - IRL,20210316
Smirnoff Red Label Vodka 35Cl,12.00,,,Tesco - IRL,20210316
Stolichnaya Premium Vodka 70Cl,23.00,,,Tesco - IRL,20210316
Southern Comfort 70Cl Bottle,20.00,29.50,SAVE 9.50 Was  29.50 Now  20.00,Tesco - IRL,20210316
Dunphys Irish Whiskey 70Cl,20.00,,,Tesco - IRL,20210316
Wkd Blue 700Ml,5.00,,,Tesco - IRL,20210316
Powers Gold Irish Whiskey 700Ml,23.00,29.01,SAVE 6.01 Was  29.01 Now  23.00,Tesco - IRL,20210316
Cork Dry Gin 1 Litre,27.00,30.00,SAVE 3.00 Was  30.00 Now  27.00,Tesco - IRL,20210316
Harveys Bristol Cream Sherry 75Cl,16.00,,,Tesco - IRL,20210316
Cork Dry Gin 700Ml,20.00,,,Tesco - IRL,20210316
Bushmills Blackbush Whiskey 70Cl,25.00,31.17,SAVE 6.17 Was  31.17 Now  25.00,Tesco - IRL,20210316
Old Samuel Blended Bourbon Whisky 70Cl,14.99,,,Tesco - IRL,20210316
Sea Dog Jamaican Rum 70Cl,24.49,,,Tesco - IRL,20210316
Absolut Vodka 35Cl,14.55,,,Tesco - IRL,20210316
Malibu White Rum With Coconut 70Cl,16.00,,,Tesco - IRL,20210316
Jameson Irish Whiskey 35Cl,17.50,,,Tesco - IRL,20210316
Teacher's Scotch Whisky 70Cl,22.00,24.59,SAVE 2.59 Was  24.59 Now  22.00,Tesco - IRL,20210316
Wkd Blue 4X275ml,7.00,,,Tesco - IRL,20210316
Tullamore D.E.W. Irish Whiskey 70Cl,22.00,28.03,SAVE 6.03 Was  28.03 Now  22.00,Tesco - IRL,20210316
Mickey Finn's Apple Moonshine 500Ml,12.00,,,Tesco - IRL,20210316
Bell's Original Whisky 70Cl,22.00,,,Tesco - IRL,20210316
Tesco Extra Dry Vermouth 1Ltr,8.99,,,Tesco - IRL,20210316
Huzzar Vodka 350Ml,11.00,,,Tesco - IRL,20210316
Glenmorangie Original 70Cl Single Malt Whiskey,49.99,,,Tesco - IRL,20210316
Mickey Finns Sour Raspberry 500Ml,12.00,,,Tesco - IRL,20210316
Tesco Vermouth Bianco 1Ltr,9.99,,,Tesco - IRL,20210316
Paddy Irish Whiskey 1L,40.00,,,Tesco - IRL,20210316
Croft Original Pale Cream Sherry 75Cl,16.00,,,Tesco - IRL,20210316
Hennessy Cognac 35Cl,22.00,,,Tesco - IRL,20210316
Gordons And Tonic Pre Mixed Can 250Ml,2.99,,,Tesco - IRL,20210316
Martini Rosso 1L,16.00,,,Tesco - IRL,20210316
Captain Morgan Original Spiced Gold 35Cl,13.00,,,Tesco - IRL,20210316
Tesco Cream Sherry 1L,9.99,,,Tesco - IRL,20210316
Powers Gold Irish Whisky 1L,45.00,,,Tesco - IRL,20210316
Martini Extra Dry 1L,16.00,,,Tesco - IRL,20210316
Tesco Napoleon Brandy 35Cl,11.50,,,Tesco - IRL,20210316
Harveys Bristol Cream Sherry 1L,20.50,,,Tesco - IRL,20210316
Wyborowa Vodka 70Cl,23.00,,,Tesco - IRL,20210316
Russian Standard Vodka 70Cl,20.00,26.35,SAVE 6.35 Was  26.35 Now  20.00,Tesco - IRL,20210316
Spirit Of Louisiana 70Cl,16.45,,,Tesco - IRL,20210316
Huzzar Vodka 1L,30.99,,,Tesco - IRL,20210316
Jagermeister Liqueur 700 Ml,28.00,,,Tesco - IRL,20210316
The Famous Grouse Scotch Whisky 70Cl,27.00,,,Tesco - IRL,20210316
Havana Club Anejo Especial Rum 70Cl,24.00,29.27,SAVE 5.27 Was  29.27 Now  24.00,Tesco - IRL,20210316
Sandeman 5 Star Port 75Cl,19.50,,,Tesco - IRL,20210316
Sandeman Port 75Cl,18.50,,,Tesco - IRL,20210316
Paddy Irish Whiskey 35Cl,15.00,,,Tesco - IRL,20210316
Pimm's No.1 70Cl,23.00,,,Tesco - IRL,20210316
Tesco Special Reserve Port 75Cl,14.99,,,Tesco - IRL,20210316
Gordons Gin 35Cl,13.99,,,Tesco - IRL,20210316
Cointreau Liqueur 50Cl,34.00,,,Tesco - IRL,20210316
Martell V.S. Cognac 70Cl,32.00,34.18,SAVE 2.18 Was  34.18 Now  32.00,Tesco - IRL,20210316
Tesco Vermouth Rosso 1Ltr,8.99,,,Tesco - IRL,20210316
Huzzar Vodka Nagin 20Cl,6.00,,,Tesco - IRL,20210316
Jack Daniel's And Cola 330Ml Can,3.49,,,Tesco - IRL,20210316
Martini Bianco 1L,16.00,,,Tesco - IRL,20210316
Tesco V.S. Cognac 70Cl,22.99,,,Tesco - IRL,20210316
Cockburns Fine Ruby Port 75Cl,16.50,,,Tesco - IRL,20210316
Olmeca Tequila Gold 700 Ml,28.00,29.50,SAVE 1.50 Was  29.50 Now  28.00,Tesco - IRL,20210316
A Winters Tale Sherry 75Cl,15.50,,,Tesco - IRL,20210316
Bacardi Carta Blanca Rum 35Cl,16.00,,,Tesco - IRL,20210316
Kahlua Coffee Liqueur 70Cl,19.00,23.60,SAVE 4.60 Was  23.60 Now  19.00,Tesco - IRL,20210316
Tesco Finest Late Bottled Vintage Port 75Cl,16.00,,,Tesco - IRL,20210316
Archers Peach Schnapps 70Cl,18.00,19.27,SAVE 1.27 Was  19.27 Now  18.00,Tesco - IRL,20210316
Absolut Citron Vodka 70Cl,21.00,26.26,SAVE 5.26 Was  26.26 Now  21.00,Tesco - IRL,20210316
Cork Dry Gin 35Cl,15.55,,,Tesco - IRL,20210316
Grants Triple Wood Blended Whisky 70Cl,27.50,,,Tesco - IRL,20210316
Tesco Imperial Vodka 70Cl,19.59,,,Tesco - IRL,20210316
Jameson Irish Whiskey 20Cl,8.50,11.61,SAVE 3.11 Was  11.61 Now  8.50,Tesco - IRL,20210316
Cockburns Special Reserve Port 75Cl,18.99,,,Tesco - IRL,20210316
Powers Gold Label Irish Whiskey 35Cl,16.00,,,Tesco - IRL,20210316
Tullamore Dew 1L,30.00,39.35,SAVE 9.35 Was  39.35 Now  30.00,Tesco - IRL,20210316
Jose Cuervo Gold Tequila 70Cl,29.99,,,Tesco - IRL,20210316
Havana Club 3 Year Old White Rum 70Cl,23.00,25.57,SAVE 2.57 Was  25.57 Now  23.00,Tesco - IRL,20210316
Bols Creme De Cassis 700Ml,18.99,,,Tesco - IRL,20210316
Ballantines Finest Blended Scotch Whisky 70Cl,23.00,28.87,SAVE 5.87 Was  28.87 Now  23.00,Tesco - IRL,20210316
Chivas Regal 12 Year Old Blended Whisky 70Cl,33.00,43.77,SAVE 10.77 Was  43.77 Now  33.00,Tesco - IRL,20210316
Jack Daniels Tennessee Whiskey 35Cl,20.00,,,Tesco - IRL,20210316
Absolut Raspberri Vodka 70Cl,21.00,26.26,SAVE 5.26 Was  26.26 Now  21.00,Tesco - IRL,20210316
Jack Daniels And Ginger 330Ml,3.49,,,Tesco - IRL,20210316
Smirnoff And Cola 250Ml,2.99,,,Tesco - IRL,20210316
Martini Vermouth Bianco 75Cl,9.00,11.89,SAVE 2.89 Was  11.89 Now  9.00,Tesco - IRL,20210316
Drambuie Liqueur 70Cl,35.00,,,Tesco - IRL,20210316
Irish Mist Whisky Liqueur 700Ml,34.50,,,Tesco - IRL,20210316
Smirnoff And Cranberry Pre Mixed Can 250Ml,2.99,,,Tesco - IRL,20210316
Hennessy Vsop Cognac 70Cl,57.00,,,Tesco - IRL,20210316
Jameson Black Barrel 70Cl,43.00,47.01,SAVE 4.01 Was  47.01 Now  43.00,Tesco - IRL,20210316
Kilbeggan Whisky 70Cl,23.00,26.56,SAVE 3.56 Was  26.56 Now  23.00,Tesco - IRL,20210316
Captain Morgan Original Spiced Gold 20Cl,8.00,,,Tesco - IRL,20210316
Jim Beam White Bourbon 70Cl,23.00,,,Tesco - IRL,20210316
Redbreast 12 Year Old Whiskey 700Ml,63.00,,,Tesco - IRL,20210316
Smirnoff And Diet Cola 250Ml,2.99,,,Tesco - IRL,20210316
Johnnie Walker Red Label Whisky 70Cl,25.00,29.50,SAVE 4.50 Was  29.50 Now  25.00,Tesco - IRL,20210316
Gonzalez Tio Pepe Sherry 75Cl,15.99,,,Tesco - IRL,20210316
Johnnie Walker Black Label Whisky 70Cl,35.00,47.21,SAVE 12.21 Was  47.21 Now  35.00,Tesco - IRL,20210316
Grey Goose L'original Vodka 700Ml,50.00,,,Tesco - IRL,20210316
Tesco Finest 10 Year Old Tawny Port 75Cl,18.99,,,Tesco - IRL,20210316
Coole Swan Cream Liqueur 700Ml,25.00,,,Tesco - IRL,20210316
Lambs Spiced Rum 70Cl,24.00,,,Tesco - IRL,20210316
Ginato Sicilian Citrus And Pinot Grigio Gin 70Cl,34.00,,,Tesco - IRL,20210316
New Amsterdam Vodka 70Cl,25.00,,,Tesco - IRL,20210316
White Claw Hard Seltzer Black Cherry 330Ml,2.50,3.44,SAVE 94c Was  3.44 Now  2.50,Tesco - IRL,20210316
Wkd Blue 10X275ml,15.00,,,Tesco - IRL,20210316
Powers 3 Swallow Release 700Ml,40.00,45.25,SAVE 5.25 Was  45.25 Now  40.00,Tesco - IRL,20210316
Beefeater Pink Gin 70Cl,20.00,,,Tesco - IRL,20210316
Southern Comfort Lemonade And Lime Can 330Ml,3.00,3.44,SAVE 44c Was  3.44 Now  3.00,Tesco - IRL,20210316
Beefeater Blood Orange Gin 70Cl,20.00,,,Tesco - IRL,20210316
Brockmans Gin 70 Cl,35.00,46.23,SAVE 11.23 Was  46.23 Now  35.00,Tesco - IRL,20210316
Windsor Castle London Dry Gin 70Cl,14.25,,,Tesco - IRL,20210316
Smirnoff Red Label Vodka 20Cl Price Marked,7.50,,,Tesco - IRL,20210316
Bulleit Rye Whiskey 70Cl,38.00,45.25,SAVE 7.25 Was  45.25 Now  38.00,Tesco - IRL,20210316
Beefeater Blackberry Gin 70Cl,20.00,,,Tesco - IRL,20210316
Gordon's Sicilian Lemon Gin 70Cl,20.00,,,Tesco - IRL,20210316
Malibu Pina Colada 25Cl,2.59,,,Tesco - IRL,20210316
Bacardi Spiced & Cola 250Ml,2.00,2.95,SAVE 95c Was  2.95 Now  2.00,Tesco - IRL,20210316
Chivas Regal 18 Year Old Scotch Whisky 70Cl,68.00,78.70,SAVE 10.70 Was  78.70 Now  68.00,Tesco - IRL,20210316
Jameson Caskmates Ipa Irish Whiskey 70Cl,30.00,37.38,SAVE 7.38 Was  37.38 Now  30.00,Tesco - IRL,20210316
Bulleit Bourbon Frontier Whiskey 70Cl,35.00,41.32,SAVE 6.32 Was  41.32 Now  35.00,Tesco - IRL,20210316
Captain Morgan Spiced Rum And Cola 4 X 250Ml,8.00,10.82,SAVE 2.82 Was  10.82 Now  8.00,Tesco - IRL,20210316
Campari Bitter 70Cl,19.00,22.63,SAVE 3.63 Was  22.63 Now  19.00,Tesco - IRL,20210316
Jose Cuervo Especial Silver 75Cl,29.99,,,Tesco - IRL,20210316
Writers Tears 70Cl,44.99,,,Tesco - IRL,20210316
Slane Whiskey 700Ml,28.00,32.46,SAVE 4.46 Was  32.46 Now  28.00,Tesco - IRL,20210316
Grahams Late Bottled Vintage Port 75Cl,24.99,,,Tesco - IRL,20210316
Tanqueray London Dry Gin 70Cl,25.00,,,Tesco - IRL,20210316
Seedlip Spice 94 Non-Alcoholic Spirit 70Cl,30.00,,,Tesco - IRL,20210316
Jack Daniels And No Sugar Cola 330Ml,3.49,,,Tesco - IRL,20210316
Kopparberg Passion Fruit And Orange Gin 70Cl,32.00,,,Tesco - IRL,20210316
Malibu 200Ml,6.00,6.68,SAVE 68c Was  6.68 Now  6.00,Tesco - IRL,20210316
Teachers Whisky 20Cl,7.50,,,Tesco - IRL,20210316
Aperol 100Cl .,20.00,26.00,SAVE 6.00 Was  26.00 Now  20.00,Tesco - IRL,20210316
Beefeater 24 Gin 70Cl,30.00,,,Tesco - IRL,20210316
Kopparberg Hard Seltzer Passion Fruit 330Ml,3.00,3.44,SAVE 44c Was  3.44 Now  3.00,Tesco - IRL,20210316
Jameson Cold Brew Whiskey Coffee Spirit Drink 700Ml,25.00,,,Tesco - IRL,20210316
Gordons Gin Mediterranean Orange 70Cl,25.00,,,Tesco - IRL,20210316
Gordons London Dry Gin And Tonic 10 X 250Ml,18.00,,,Tesco - IRL,20210316
Absolut 200Ml,7.00,7.87,SAVE 87c Was  7.87 Now  7.00,Tesco - IRL,20210316
Gordons Gin 20Cl,8.00,,,Tesco - IRL,20210316
Pernod Aniseed Liqueur 70Cl,29.99,,,Tesco - IRL,20210316
Truly Black Cherry Hard Seltzer Alcoholic Water 355Ml,3.50,,,Tesco - IRL,20210316
Boodles Mulberry 70Cl,30.00,34.43,SAVE 4.43 Was  34.43 Now  30.00,Tesco - IRL,20210316
Bacardi Raspberry Spritz 250Ml,2.99,,,Tesco - IRL,20210316
Gordons Premium Pink Gin 35Cl,15.00,,,Tesco - IRL,20210316
Jameson Blender's Dog 700Ml,55.00,68.86,SAVE 13.86 Was  68.86 Now  55.00,Tesco - IRL,20210316
Method And Madness Gin 700Ml,40.00,49.18,SAVE 9.18 Was  49.18 Now  40.00,Tesco - IRL,20210316
Talisker 10 Year Old Malt Whisky 70Cl,50.00,,,Tesco - IRL,20210316
Wild Turkey Bourbon Whiskey 70Cl,28.00,32.00,SAVE 4.00 Was  32.00 Now  28.00,Tesco - IRL,20210316
Cork Dry Gin 200Ml,7.00,9.35,SAVE 2.35 Was  9.35 Now  7.00,Tesco - IRL,20210316
Jameson Caskmates Ipa 200Ml,12.50,,,Tesco - IRL,20210316
Paddy Irish Whiskey 20Cl,9.00,,,Tesco - IRL,20210316
Malfy Gin With Lemon 70Cl,30.00,,,Tesco - IRL,20210316
Topo Chico Cherry Acai 4X330ml,9.00,13.00,SAVE 4.00 Was  13.00 Now  9.00,Tesco - IRL,20210316
Funkin Nitro Espresso Martini Cocktail 200Ml,2.99,,,Tesco - IRL,20210316
Dingle Gin 700Ml,36.00,,,Tesco - IRL,20210316
Tesco Finest Vodka 70Cl,25.00,,,Tesco - IRL,20210316
Malibu Coconut Rum And Pineapple 250Ml Can,2.99,,,Tesco - IRL,20210316
Proper Twelve 70Cl,25.00,29.51,SAVE 4.51 Was  29.51 Now  25.00,Tesco - IRL,20210316
Flying Flamingo Pineapple Punch Hard Sltzr 250Ml,2.99,,,Tesco - IRL,20210316
Southern Comfort Black 70Cl,30.00,,,Tesco - IRL,20210316
Whitley Neill Rhubarb Ginger Gin 70Cl,28.00,39.35,SAVE 11.35 Was  39.35 Now  28.00,Tesco - IRL,20210316
Sausage Tree Pure Irish Vodka 70Cl,40.00,48.20,SAVE 8.20 Was  48.20 Now  40.00,Tesco - IRL,20210316
Gordon's Pink Gin And Tonic Premix 250Ml,2.99,,,Tesco - IRL,20210316
Bushmills Irish Malt 10Yr Old Whiskey 70Cl,40.00,44.27,SAVE 4.27 Was  44.27 Now  40.00,Tesco - IRL,20210316
Plymouth Gin 70Cl,25.00,28.52,SAVE 3.52 Was  28.52 Now  25.00,Tesco - IRL,20210316
Ha Penny Original Blend 700Ml,30.00,,,Tesco - IRL,20210316
Kopparberg Hard Seltzer Mixed Berries 330Ml,3.00,3.44,SAVE 44c Was  3.44 Now  3.00,Tesco - IRL,20210316
White Claw Hard Seltzer Natural Lime 330Ml,2.50,3.44,SAVE 94c Was  3.44 Now  2.50,Tesco - IRL,20210316
Kahlua Espresso Martini 4.5% 20Cl,2.99,,,Tesco - IRL,20210316
Blackwater No.5 Gin 50Cl,25.00,,,Tesco - IRL,20210316
Ciroc Vodka 70Cl,49.99,,,Tesco - IRL,20210316
"Kopparberg Gin Strawberry, Lime And Lemonade 4X250ml",7.00,9.84,SAVE 2.84 Was  9.84 Now  7.00,Tesco - IRL,20210316
Tesco Vsop Cognac 70Cl,35.00,,,Tesco - IRL,20210316
Kraken Spiced Rum 70Cl,25.00,29.51,SAVE 4.51 Was  29.51 Now  25.00,Tesco - IRL,20210316
Fireball Liqueur 50Cl,15.00,18.68,SAVE 3.68 Was  18.68 Now  15.00,Tesco - IRL,20210316
The Sexton Single Malt Irish Whiskey 70Cl,40.00,,,Tesco - IRL,20210316
Powers Whiskey 200Ml,10.00,,,Tesco - IRL,20210316
West Cork Irish Whiskey 700Ml,22.00,24.59,SAVE 2.59 Was  24.59 Now  22.00,Tesco - IRL,20210316
Smirnoff Red Vodka 50Cl,17.99,,,Tesco - IRL,20210316
Jameson Caskmates Stout Irish Whiskey 70Cl,30.00,37.38,SAVE 7.38 Was  37.38 Now  30.00,Tesco - IRL,20210316
Malibu And Cola 250Ml,2.59,,,Tesco - IRL,20210316
Barefoot Wine Seltzer Strawberry And Guava 250Ml,2.99,,,Tesco - IRL,20210316
Tesco Finest 12 Year Old Irish Whiskey 70Cl,35.00,,,Tesco - IRL,20210316
Barefoot Wine Seltzer Pineapple Passion Fruit 250Ml,2.99,,,Tesco - IRL,20210316
Seedlip Garden Non-Alcoholic Spirit 70Cl,30.00,,,Tesco - IRL,20210316
Gordons Pink And Tonic 4X250ml,8.00,,,Tesco - IRL,20210316
Kopparberg Raspberry Light 250Ml Can,2.59,,,Tesco - IRL,20210316
Absolut Mango Vodka 70Cl,21.00,26.26,SAVE 5.26 Was  26.26 Now  21.00,Tesco - IRL,20210316
Tanqueray 10 Gin 70Cl,30.00,,,Tesco - IRL,20210316
Jagermeister 200Ml,9.00,,,Tesco - IRL,20210316
Nikita Imperial Vodka 70Cl,12.99,,,Tesco - IRL,20210316
Jameson Whiskey Ginger Ale And Lime 250Ml,2.99,,,Tesco - IRL,20210316
Tanqueray Sevilla Gin 70Cl,30.00,39.35,SAVE 9.35 Was  39.35 Now  30.00,Tesco - IRL,20210316
Whitley Neill Raspberry Gin 70Cl,28.00,39.35,SAVE 11.35 Was  39.35 Now  28.00,Tesco - IRL,20210316
Captain Morgan Spiced And Cola 250Ml,2.99,,,Tesco - IRL,20210316
Smirnoff Seltzer Orange And Grapefruit 250Ml,1.50,,,Tesco - IRL,20210316
Mil Gin 70Cl Bottle,40.65,,,Tesco - IRL,20210316
I Heart Frizzante Ros 20Cl Can,2.99,,,Tesco - IRL,20210316
Bushmills Red Bush Whiskey 70Cl,30.00,,,Tesco - IRL,20210316
Bacardi Ginger 700Ml,22.00,24.59,SAVE 2.59 Was  24.59 Now  22.00,Tesco - IRL,20210316
Opihr Gin And Tonic With Twist Orange 250Ml,2.99,,,Tesco - IRL,20210316
Malibu White Rum With Coconut 1L,31.00,,,Tesco - IRL,20210316
Absolut Vanilia Vodka 70Cl,21.00,26.26,SAVE 5.26 Was  26.26 Now  21.00,Tesco - IRL,20210316
Flying Flamingo Peach Fizz Hard Seltzer 250Ml,2.99,,,Tesco - IRL,20210316
Kopparberg Strawberry And Liime Gin&Lemonad250ml,2.99,,,Tesco - IRL,20210316
Jack Daniels 20Cl,12.00,,,Tesco - IRL,20210316
Malfy Gin Rosa 70Cl,30.00,,,Tesco - IRL,20210316
Jameson Caskmates Stout 200Ml,12.50,,,Tesco - IRL,20210316
Powers The Old Fashioned 50Cl,25.00,,,Tesco - IRL,20210316
Blackwater Wexford Strbry Gin 50Cl,25.00,,,Tesco - IRL,20210316
Yellow Spot Irish Whiskey 70Cl,85.00,,,Tesco - IRL,20210316
Jameson Distiller's Safe 700Ml,55.00,68.86,SAVE 13.86 Was  68.86 Now  55.00,Tesco - IRL,20210316
Jack Daniel's Tennessee Honey And Lemonade 330Ml,3.39,,,Tesco - IRL,20210316
Teeling Small Batch Whiskey 70Cl,34.38,37.38,SAVE 3.00 Was  37.38 Now  34.38,Tesco - IRL,20210316
Wkd Alcoholic Mix Pink Gin Flavour 700Ml,5.00,5.90,SAVE 90c Was  5.90 Now  5.00,Tesco - IRL,20210316
Kopparberg Strawberry And Lime Gin 70Cl,32.00,,,Tesco - IRL,20210316
Hennessy Cognac 20Cl,14.00,,,Tesco - IRL,20210316
Smirnoff Seltzer Raspberry And Rhubarb 250Ml,1.50,,,Tesco - IRL,20210316
Bacardi White Rum 20Cl,10.00,,,Tesco - IRL,20210316
Jameson Cooper's Croze 700Ml,55.00,68.86,SAVE 13.86 Was  68.86 Now  55.00,Tesco - IRL,20210316
Havana Club 7 Year Old Dark Rum 70Cl,33.00,40.33,SAVE 7.33 Was  40.33 Now  33.00,Tesco - IRL,20210316
Tesco Finest Xo Brandy 70Cl,22.00,,,Tesco - IRL,20210316
Mil Spritz Cans 250Ml,2.99,,,Tesco - IRL,20210316
New Amsterdam Vodka 1Ltr,23.00,34.43,SAVE 11.43 Was  34.43 Now  23.00,Tesco - IRL,20210316
Connemara Irish Whiskey 70Cl,32.00,39.35,SAVE 7.35 Was  39.35 Now  32.00,Tesco - IRL,20210316
Bacardi Raspberry 700Ml,22.00,24.59,SAVE 2.59 Was  24.59 Now  22.00,Tesco - IRL,20210316
Tesco Special Reserve Scotch Whisky 35Cl,13.50,,,Tesco - IRL,20210316
Monkey 47 500Ml,60.00,,,Tesco - IRL,20210316
Remy Martin 1738 Accord Royal 70Cl,65.00,,,Tesco - IRL,20210316
Bombay Bramble Gin Blackberry And Raspberry 700Ml,27.00,31.48,SAVE 4.48 Was  31.48 Now  27.00,Tesco - IRL,20210316
Makers Mark Bourbon 70Cl,45.00,,,Tesco - IRL,20210316
Absolut Mixt Blackberry And Lime Vodka 250Ml Can,2.99,,,Tesco - IRL,20210316
Buckfast 750Ml,14.00,,,Tesco - IRL,20210316
Sambuca Ramazotti 700Ml,20.00,25.57,SAVE 5.57 Was  25.57 Now  20.00,Tesco - IRL,20210316
Kopparberg Hard Seltzer Black Cherry 330Ml,3.00,3.44,SAVE 44c Was  3.44 Now  3.00,Tesco - IRL,20210316
Kopparberg Mixed Fruit Gin 70Cl,32.00,,,Tesco - IRL,20210316
Whitley Neill Gin 70Cl,28.00,39.35,SAVE 11.35 Was  39.35 Now  28.00,Tesco - IRL,20210316
Topo Chico Hard Seltzer Variety Pack 6X330ml,14.00,,,Tesco - IRL,20210316
Jim Beam K/Tucky Straight Bourbon Whiskey 200Ml,8.50,9.84,SAVE 1.34 Was  9.84 Now  8.50,Tesco - IRL,20210316
Gordon's Pink Gin And Tonic 10 X 250Ml,18.00,,,Tesco - IRL,20210316
Powers John's Lane 700Ml,70.00,,,Tesco - IRL,20210316
Hendrick's Gin 70Cl,39.00,,,Tesco - IRL,20210316
Ketel One Vodka 70Cl,28.00,39.35,SAVE 11.35 Was  39.35 Now  28.00,Tesco - IRL,20210316
Gordon's Premium Pink Distilled Gin 70Cl,20.00,,,Tesco - IRL,20210316
Buffalo Trace Bourbon Whiskey 70Cl,32.00,38.00,SAVE 6.00 Was  38.00 Now  32.00,Tesco - IRL,20210316
Jack Daniels Tennessee Apple Liqueur 70Cl,28.00,33.45,SAVE 5.45 Was  33.45 Now  28.00,Tesco - IRL,20210316
Mil Spritz Rosa Cans 250Ml,2.99,,,Tesco - IRL,20210316
Cardhu 12 Year Old Single Malt Whisky 70Cl,40.00,45.00,SAVE 5.00 Was  45.00 Now  40.00,Tesco - IRL,20210316
Tesco Finest Salted Caramel Cream Liqueur 70Cl,15.00,,,Tesco - IRL,20210316
Fat Frog Original Fruit Flavoured Alcoholic Drink 330Ml,3.00,,,Tesco - IRL,20210316
Tesco Tawny Port 75Cl,14.99,,,Tesco - IRL,20210316
Martini Fiero 750Ml,12.00,15.74,SAVE 3.74 Was  15.74 Now  12.00,Tesco - IRL,20210316
Jack Daniels Tennessee Honey 70Cl,28.00,33.45,SAVE 5.45 Was  33.45 Now  28.00,Tesco - IRL,20210316
Green Spot Irish Whiskey 70Cl,60.00,,,Tesco - IRL,20210316
Brooklyn Gin 70Cl,50.00,,,Tesco - IRL,20210316
Funkin Nitro Pina Colada Cocktail 200Ml,2.99,,,Tesco - IRL,20210316
Malibu Passion Fruit Rum 70Cl,22.00,,,Tesco - IRL,20210316
White Claw Hard Seltzer Raspberry 330Ml,2.50,3.44,SAVE 94c Was  3.44 Now  2.50,Tesco - IRL,20210316
Aperol 70Cl,18.99,,,Tesco - IRL,20210316
Kopparberg Summer Fruit Light 250Ml,2.59,,,Tesco - IRL,20210316
Absolut Mixt Raspberry And Lemon Vodka 250Ml Can,2.99,,,Tesco - IRL,20210316
Roe And Co Blended Irish Whiskey 70Cl,30.00,,,Tesco - IRL,20210316
Drumshanbo Single Pot Still Irish Whiskey 70Cl,50.00,59.02,SAVE 9.02 Was  59.02 Now  50.00,Tesco - IRL,20210316
Whitley Neill Blackberry Gin 70Cl,28.00,39.35,SAVE 11.35 Was  39.35 Now  28.00,Tesco - IRL,20210316
Bacardi Spiced Rum 70Cl,22.00,24.59,SAVE 2.59 Was  24.59 Now  22.00,Tesco - IRL,20210316
Gordon And Tonic 4 *250Ml,8.00,,,Tesco - IRL,20210316
Topo Chico Hard Seltzer Tropical Mango 4X330ml,9.00,13.00,SAVE 4.00 Was  13.00 Now  9.00,Tesco - IRL,20210316
Malibu Fizzy Pink Lemonade 250Ml,2.99,,,Tesco - IRL,20210316
Absolut Lime Vodka 70Cl,21.00,26.26,SAVE 5.26 Was  26.26 Now  21.00,Tesco - IRL,20210316
Drumshanbo Gunpowder Irish Gin 43% Alcohol By Volume,49.00,,,Tesco - IRL,20210316
Santa Rita Sauvignon Blanc 75Cl,9.00,11.80,SAVE 2.80 Was  11.80 Now  9.00,Tesco - IRL,20210316
Faustino V Reserva Rioja 75Cl,15.00,,,Tesco - IRL,20210316
Faustino V White Rioja 75Cl,17.00,,,Tesco - IRL,20210316
Tesco Finest* Premier Cru Brut Champagne 75Cl,35.00,,,Tesco - IRL,20210316
Villa Maria Priv. Bin Pinot Grigio 75Cl,14.99,,,Tesco - IRL,20210316
Tesco Hock 75Cl,7.00,,,Tesco - IRL,20210316
Castillo San Lorenzo Reserva 75Cl,10.00,14.76,SAVE 4.76 Was  14.76 Now  10.00,Tesco - IRL,20210316
Yellow Tail Rose 75Cl,9.00,12.00,SAVE 3.00 Was  12.00 Now  9.00,Tesco - IRL,20210316
Barefoot Pinot Grigio Wine Can 250Ml,3.99,,,Tesco - IRL,20210316
Casillero Del Diablo Carmenere 75Cl,7.00,11.80,SAVE 4.80 Was  11.80 Now  7.00,Tesco - IRL,20210316
Dark Horse Merlot 75Cl,11.80,,,Tesco - IRL,20210316
Lions Gate Cabernet-Sauv 75Cl,7.38,14.76,HALF  PRICE     Was  14.76  Now  ...,Tesco - IRL,20210316
Torres Sangre De Toro Verdejo 75Cl,10.00,12.29,SAVE 2.29 Was  12.29 Now  10.00,Tesco - IRL,20210316
Tesco Finest Sauternes 37.5Cl,16.00,,,Tesco - IRL,20210316
19 Crimes Australian Chardonnay 75Cl,10.00,14.76,SAVE 4.76 Was  14.76 Now  10.00,Tesco - IRL,20210316
Brancott Estate Flight Sauvignon Blanc 750Ml,11.00,14.76,SAVE 3.76 Was  14.76 Now  11.00,Tesco - IRL,20210316
Dark Horse Sauvignon Blanc 75Cl,11.80,,,Tesco - IRL,20210316
Tesco Finest Barossa Shiraz 75Cl,12.00,14.76,SAVE 2.76 Was  14.76 Now  12.00,Tesco - IRL,20210316
Carnivor Zinfandel 75Cl,9.00,14.76,SAVE 6.76 Was  14.76 Now  8.00,Tesco - IRL,20210316
Apothic Cabernet Sauvignon 75Cl,15.00,,,Tesco - IRL,20210316
Yellow Tail Sauvignon Blanc 75Cl,9.00,11.80,SAVE 2.80 Was  11.80 Now  9.00,Tesco - IRL,20210316
Gato Negro Cabernet Sauvignon 75Cl,12.00,,,Tesco - IRL,20210316
Mirla Bay Chardonnay 75Cl,18.35,,,Tesco - IRL,20210316
Blossom Hill Spritz Rhubarb And Plum 750Ml,5.99,,,Tesco - IRL,20210316
19 Crimes The Banished Dark Red 75Cl,10.00,14.76,SAVE 4.76 Was  14.76 Now  10.00,Tesco - IRL,20210316
Santa Rita Reserva Rose 75Cl,10.00,12.79,SAVE 2.79 Was  12.79 Now  10.00,Tesco - IRL,20210316
Faustino Rivero Ulecia Tempra- Nillo Rioja 75Cl,12.00,,,Tesco - IRL,20210316
Freixenet Pinot Grigio 75Cl,10.00,14.76,SAVE 4.76 Was  14.76 Now  10.00,Tesco - IRL,20210316
Graham Nortons Own Shiraz 75Cl,9.00,,,Tesco - IRL,20210316
Bella Cucina Prosecco Frizzante 75Cl,12.00,,,Tesco - IRL,20210316
Wolf Blass Yellow Label Malbec 75Cl,9.00,,,Tesco - IRL,20210316
Cellier Des Princes Cotes Du Rhone 75Cl,10.00,20.00,HALF  PRICE     Was  20.00  Now  ...,Tesco - IRL,20210316
Torres Sangre De Toro Tempranillo 75Cl,10.00,12.29,SAVE 2.29 Was  12.29 Now  10.00,Tesco - IRL,20210316
La Burgondie Beaujolais Villages 75Cl,9.00,15.00,SAVE 6.00 Was  15.00 Now  9.00,Tesco - IRL,20210316
Mons Igneus Appassimento 75Cl,12.00,,,Tesco - IRL,20210316
Plato V Democracy Shiraz 750Ml,12.00,,,Tesco - IRL,20210316
Dark Horse Malbec 75Cl,9.00,11.80,SAVE 2.80 Was  11.80 Now  9.00,Tesco - IRL,20210316
Cono Sur Bicicleta Pinot Noir Rose 75Cl,7.00,,,Tesco - IRL,20210316
Chteau Pinet La Houssaie 75Cl,10.00,,,Tesco - IRL,20210316
Toros Centenaro Malbec 75Cl,12.00,,,Tesco - IRL,20210316
Finca Las Moras Dada Art Malbec 75Cl,9.00,12.79,SAVE 4.79 Was  12.79 Now  8.00,Tesco - IRL,20210316
La Burgondie St Bris Sauvignon Blanc 750Ml,10.00,19.67,SAVE 9.67 Was  19.67 Now  10.00,Tesco - IRL,20210316
Mcguigan Bin Shiraz 750Ml,15.74,,,Tesco - IRL,20210316
Santa Rita Medalla Real Chardonnay Limari75cl,10.00,15.00,SAVE 5.00 Was  15.00 Now  10.00,Tesco - IRL,20210316
Marques Delatrio Tempranillo Rioja 75Cl,10.00,11.80,SAVE 1.80 Was  11.80 Now  10.00,Tesco - IRL,20210316
Stormhoek Chardonnay 75Cl,10.00,,,Tesco - IRL,20210316
Faustino Rivero Albario Rias Baixas 75Cl,10.00,11.80,SAVE 1.80 Was  11.80 Now  10.00,Tesco - IRL,20210316
Tesco Chilean Merlot 2.25Ltr,21.00,,,Tesco - IRL,20210316
La Burgondie Coteaux Bourgns Gamay 75Cl,9.00,15.00,SAVE 6.00 Was  15.00 Now  9.00,Tesco - IRL,20210316
Vinuva Pinot Grigio Organic 75Cl,9.00,13.00,SAVE 4.00 Was  13.00 Now  9.00,Tesco - IRL,20210316
19 Crimes Red Wine 75Cl,10.00,14.76,SAVE 4.76 Was  14.76 Now  10.00,Tesco - IRL,20210316
Tesco Chilean Sauvignon Blanc 2.25Ltr,21.00,,,Tesco - IRL,20210316
Comte De Blignac Bordeaux Merlot 750Ml,10.00,14.76,SAVE 4.76 Was  14.76 Now  10.00,Tesco - IRL,20210316
B By Bt Frtful Ros Strawberry Plus Raspberry 750Ml,5.00,,,Tesco - IRL,20210316
Oyster Bay Rose 750Ml,13.00,15.74,SAVE 2.74 Was  15.74 Now  13.00,Tesco - IRL,20210316
Casillero Del Diablo Pinot Noir 750Ml,7.00,11.80,SAVE 4.80 Was  11.80 Now  7.00,Tesco - IRL,20210316
Freixenet Italian Rose 75Cl.,10.00,14.76,SAVE 4.76 Was  14.76 Now  10.00,Tesco - IRL,20210316
Mud House Sauvignon Blanc Rose 75Cl,15.00,,,Tesco - IRL,20210316
Freixenet Chianti 75Cl,10.00,14.76,SAVE 4.76 Was  14.76 Now  10.00,Tesco - IRL,20210316
Kylie Minogue Sauvignon Blanc 75Cl,10.00,11.80,SAVE 1.80 Was  11.80 Now  10.00,Tesco - IRL,20210316
Blossom Hill Gin Fizz Rhubarb Can 200Ml,3.49,,,Tesco - IRL,20210316
Kylie Minogue Merlot Wine 75Cl,10.00,11.80,SAVE 1.80 Was  11.80 Now  10.00,Tesco - IRL,20210316
Dona Paula Malbec Rose 75Cl,10.00,14.76,SAVE 4.76 Was  14.76 Now  10.00,Tesco - IRL,20210316
The Guv'nor 750Ml,12.00,,,Tesco - IRL,20210316
Cono Sur Organic Chardonnay 75Cl,10.00,13.77,SAVE 3.77 Was  13.77 Now  10.00,Tesco - IRL,20210316
Faustino Rivero Ulecia Crianza Rioja 75Cl,12.00,,,Tesco - IRL,20210316
Colombia Merlot 750Ml,15.00,18.00,SAVE 3.00 Was  18.00 Now  15.00,Tesco - IRL,20210316
Lions Gate Shiraz 75Cl,7.38,14.76,HALF  PRICE     Was  14.76  Now  ...,Tesco - IRL,20210316
Mcguigan Black Label Tempranillo 75Cl,7.00,11.80,SAVE 4.80 Was  11.80 Now  7.00,Tesco - IRL,20210316
Mcguigan Black Label Rose Wine 75Cl,12.00,,,Tesco - IRL,20210316
Graham Nortons Vino Frizzante Rose 75Cl,12.00,,,Tesco - IRL,20210316
Barefoot White Zinfandel 250Ml Wine Can,3.99,,,Tesco - IRL,20210316
Colombia Cabernet Sauvignon 750Ml,15.00,18.00,SAVE 3.00 Was  18.00 Now  15.00,Tesco - IRL,20210316
Cune Cava 75Cl,18.00,,,Tesco - IRL,20210316
Estancia Mendoza Uco Valley Reserve Malbec 75Cl,12.00,,,Tesco - IRL,20210316
Blossom Hill Gin Fizz Blood Orange 75Cl,10.00,14.76,SAVE 4.76 Was  14.76 Now  10.00,Tesco - IRL,20210316
Torres Sangre De Toro White 75Cl,10.00,12.29,SAVE 2.29 Was  12.29 Now  10.00,Tesco - IRL,20210316
Gato Negro Sauvignon Blanc 75Cl,12.00,,,Tesco - IRL,20210316
Bodegas Faustino Cava Brut Reserva 750Ml,25.00,,,Tesco - IRL,20210316
Yellow Tail Jammy Red Roo 75Cl,9.00,11.80,SAVE 2.80 Was  11.80 Now  9.00,Tesco - IRL,20210316
Tesco Finest Tempranillo 750Ml,12.00,,,Tesco - IRL,20210316
Mcguigan Signature Cabernet Sauvignon Red Wine 75Cl,7.87,15.74,HALF  PRICE     Was  15.74  Now  ...,Tesco - IRL,20210316
La Burgondie Macon-Villages 750Ml,12.00,14.76,SAVE 2.76 Was  14.76 Now  12.00,Tesco - IRL,20210316
Diablo Black Cabernet Sauvignon 750Ml,10.00,14.76,SAVE 4.76 Was  14.76 Now  10.00,Tesco - IRL,20210316
Mcguigan Zero Shiraz Alcohol Free 750Ml,4.99,,,Tesco - IRL,20210316
Cellier Des Princes Grande Reserve Cotes Du Rhone 75Cl,10.00,20.00,HALF  PRICE     Was  20.00  Now  ...,Tesco - IRL,20210316
Faustino Rivero Ulecia Crianza 75Cl,9.00,11.80,SAVE 2.80 Was  11.80 Now  9.00,Tesco - IRL,20210316
Mirla Bay Cabernet Sauvignon 75Cl,18.35,,,Tesco - IRL,20210316
Hardys Varietal Range Sauvignon Blanc 75Cl,10.00,,,Tesco - IRL,20210316
Mcguigan Black Label Red 750Ml,7.00,11.80,SAVE 4.80 Was  11.80 Now  7.00,Tesco - IRL,20210316
19 Crimes Sauvignon Block Sauvignon Blanc 750Ml,10.00,14.76,SAVE 4.76 Was  14.76 Now  10.00,Tesco - IRL,20210316
Las Moras Dada No8 Chocolate 75Cl,9.00,12.79,SAVE 4.79 Was  12.79 Now  8.00,Tesco - IRL,20210316
Lions Gate Chenin Blanc 75Cl,7.38,14.76,HALF  PRICE     Was  14.76  Now  ...,Tesco - IRL,20210316
Blossom Hill Gin Fizz Lemon And Rosemary Can 200Ml,3.49,,,Tesco - IRL,20210316
B Bybt Fruitiful White Passion Fruit Plus Pineapple 750Ml,5.00,,,Tesco - IRL,20210316
Pinot Pinot Pinot Grigio Sparkling 200Ml,2.99,,,Tesco - IRL,20210316
Yellow Tail Pinot Grigio 18.7Cl,2.99,,,Tesco - IRL,20210316
Dona Paula Estate Blue Edition 75Cl,10.00,15.00,SAVE 5.00 Was  15.00 Now  10.00,Tesco - IRL,20210316
Casillero Del Diablo Pedro Jimenez 750Ml,7.00,11.80,SAVE 4.80 Was  11.80 Now  7.00,Tesco - IRL,20210316
Barefoot Cabernet Sauvignon 75Cl,10.00,,,Tesco - IRL,20210316
The Vineyards Chenin Blanc 75Cl,5.99,,,Tesco - IRL,20210316
Yellow Tail Shiraz 18.7Cl,2.99,,,Tesco - IRL,20210316
Tesco Finest Cotes De Gascogne 75Cl,9.00,11.80,SAVE 2.80 Was  11.80 Now  9.00,Tesco - IRL,20210316
Wairau Cove Merlot 75Cl,8.50,9.84,SAVE 1.34 Was  9.84 Now  8.50,Tesco - IRL,20210316
La Burgondie Fleurie French Red Wine 75Cl,10.00,17.71,SAVE 7.71 Was  17.71 Now  10.00,Tesco - IRL,20210316
Vinuva Nero D'avola Organic 75Cl,9.00,13.00,SAVE 4.00 Was  13.00 Now  9.00,Tesco - IRL,20210316
Cono Sur Organic Sauvignon Blanc 75Cl,10.00,13.77,SAVE 3.77 Was  13.77 Now  10.00,Tesco - IRL,20210316
Santa Rita Medalla Real Cabernet Sauvignon Maipo 75Cl,10.00,14.76,SAVE 4.76 Was  14.76 Now  10.00,Tesco - IRL,20210316
Marques Del Atrio Crianza Rioja 75Cl,15.00,,,Tesco - IRL,20210316
El Rastro Red 75Cl,15.74,,,Tesco - IRL,20210316
I Heart Cabernet Sauvignon 75Cl,10.00,,,Tesco - IRL,20210316
Las Moras Love - Malbec 75Cl,12.00,14.76,SAVE 2.76 Was  14.76 Now  12.00,Tesco - IRL,20210316
Diablo Red Blend 750Ml,10.00,14.76,SAVE 4.76 Was  14.76 Now  10.00,Tesco - IRL,20210316
Gato Negro Merlot 75Cl,12.00,,,Tesco - IRL,20210316
Mcguigan Black Label Sparkling Shiraz 75Cl,15.00,,,Tesco - IRL,20210316
Casillero Del Diablo Malbec 75Cl,7.00,11.80,SAVE 4.80 Was  11.80 Now  7.00,Tesco - IRL,20210316
Comte De Blignac Bordeaux Sauvignon Blanc 750Ml,10.00,14.76,SAVE 4.76 Was  14.76 Now  10.00,Tesco - IRL,20210316
Pinot Grigio Pink Fizz 200Ml,2.99,,,Tesco - IRL,20210316
La Burgondie Red Bgndy Bourgogne Gamay 750Ml,10.00,17.71,SAVE 7.71 Was  17.71 Now  10.00,Tesco - IRL,20210316
Cune Ribera Del Duero 75Cl,12.00,14.76,SAVE 2.76 Was  14.76 Now  12.00,Tesco - IRL,20210316
Lions Gate Sauvignon-Blanc 75Cl,7.38,14.76,HALF  PRICE     Was  14.76  Now  ...,Tesco - IRL,20210316
Cono Sur Organic Cabernet Carmenere 75Cl,10.00,13.77,SAVE 3.77 Was  13.77 Now  10.00,Tesco - IRL,20210316
S R Medalla Real Gold Cabernet Sauvignon 75Cl,15.00,19.67,SAVE 4.67 Was  19.67 Now  15.00,Tesco - IRL,20210316
La Burgondie Vire Clesse 750Ml,10.00,19.67,SAVE 9.67 Was  19.67 Now  10.00,Tesco - IRL,20210316
Tallero Frizzante Spago 75Cl,12.00,,,Tesco - IRL,20210316
Tesco Finest Coonawarra Cabernet 75Cl,12.00,14.76,SAVE 2.76 Was  14.76 Now  12.00,Tesco - IRL,20210316
Gato Negro Chardonnay 75Cl,12.00,,,Tesco - IRL,20210316
Dark Horse Rose 75Cl,9.00,11.80,SAVE 2.80 Was  11.80 Now  9.00,Tesco - IRL,20210316
Cono Sur Bicicleta Pinot Noir 75Cl,7.00,,,Tesco - IRL,20210316
Santa Rita Red Blend 1 Litre,14.00,,,Tesco - IRL,20210316
Trivento Argentina White Malbec 75Cl,12.00,,,Tesco - IRL,20210316
Santa Rita 120 Sauvignon Blanc 187Ml,2.99,,,Tesco - IRL,20210316
Faustino Rivero Verdejo Ulecia 75Cl,10.00,,,Tesco - IRL,20210316
Barefoot White Zinfadnel 187Ml,2.99,,,Tesco - IRL,20210316
Kylie Minogue Rose Wine 75Cl,10.00,11.80,SAVE 1.80 Was  11.80 Now  10.00,Tesco - IRL,20210316
Tesco Finest Garnacha Wine 750Ml,12.00,,,Tesco - IRL,20210316
Santa Rita Early Harvest 120Sauvg Blanc 75Cl,9.00,12.30,SAVE 3.30 Was  12.30 Now  9.00,Tesco - IRL,20210316
Plato V Aristocracy Pinotage 750Ml,12.00,,,Tesco - IRL,20210316
Blossom Hill Gin Fizz Rhubarb 75Cl,10.00,14.76,SAVE 4.76 Was  14.76 Now  10.00,Tesco - IRL,20210316
Prophecy Rose Wine 75Cl,12.00,14.76,SAVE 2.76 Was  14.76 Now  12.00,Tesco - IRL,20210316
